{
    "intents": [
        {
            "tag": "saludo",
            "patterns": [
                "Hola",
                "Cómo estás?",
                "¿Hay alguien ahí?",
                "Hola",
                "Hey",
                "Buenos días"
            ],
            "responses": [
                "Hola, gracias por visitar",
                "Qué bueno verte de nuevo",
                "Hola, ¿cómo puedo ayudar?"
            ],
            "context": [
                ""
            ]
        },
        {
            "tag": "goodbye",
            "patterns": [
                "Adiós",
                "Hasta luego",
                "Adiós",
                "Encantado de charlar contigo, adiós",
                "Hasta la próxima"
            ],
            "responses": [
                "Hasta luego, gracias por visitarnos",
                "Que tengas un buen día",
                "¡Adiós! Vuelve pronto"
            ],
            "context": [
                ""
            ]
        },
        {
            "tag": "gracias",
            "patterns": [
                "Gracias",
                "Eso es útil",
                "Impresionante, gracias",
                "Gracias por ayudarme"
            ],
            "responses": [
                "¡Feliz de ayudar!",
                "¡Cualquier momento!",
                "Es un placer"
            ],
            "context": [
                ""
            ]
        },
        {
            "tag": "noanswer",
            "patterns": [],
            "responses": [
                "Lo siento, no puedo entenderte"
            ],
            "context": [
                ""
            ]
        }
    ]
}